<application>
  <component name="CodeInsightSettings">
    <EXCLUDED_PACKAGE NAME="autovalue.shaded" />
    <EXCLUDED_PACKAGE NAME="avro.shaded" />
    <EXCLUDED_PACKAGE NAME="com.beust.jcommander.internal" />
    <EXCLUDED_PACKAGE NAME="com.google.inject.Inject" />
    <EXCLUDED_PACKAGE NAME="com.sun.istack" />
    <EXCLUDED_PACKAGE NAME="com.sun.jersey.spi.inject.Inject" />
    <EXCLUDED_PACKAGE NAME="jline.internal" />
    <EXCLUDED_PACKAGE NAME="joptsimple.internal" />
    <EXCLUDED_PACKAGE NAME="junit.framework.Assert" />
    <EXCLUDED_PACKAGE NAME="org.assertj.core.util" />
    <EXCLUDED_PACKAGE NAME="org.flywaydb.core.internal.util" />
    <EXCLUDED_PACKAGE NAME="org.hibernate.validator.internal" />
    <EXCLUDED_PACKAGE NAME="org.mockito.internal.util.collections" />
    <EXCLUDED_PACKAGE NAME="org.mockito.internal.verification.VerificationModeFactory" />
  </component>
  <component name="DaemonCodeAnalyzerSettings" profile="Square" />
  <component name="EditorSettings">
    <option name="USE_SOFT_WRAPS" value="CONSOLE" />
    <option name="IS_RIGHT_MARGIN_SHOWN" value="false" />
    <option name="IS_WHEEL_FONTCHANGE_ENABLED" value="true" />
    <option name="IS_WHEEL_FONTCHANGE_PERSISTENT" value="true" />
  </component>
  <component name="InlayHintsSettings">
    <option name="lastViewedProviderKeyId" value="parameter.hints.old" />
  </component>
</application>