<application>
  <component name="FileTypeManager" version="18">
    <extensionMap>
      <mapping ext="srcjar" type="ARCHIVE" />
      <mapping pattern="HelloControllerIntegrationTest.java" type="AUTO_DETECTED" />
      <mapping pattern="asdasd" type="AUTO_DETECTED" />
      <mapping pattern="SystemDesign" type="AUTO_DETECTED" />
      <mapping pattern="README" type="AUTO_DETECTED" />
      <removed_mapping ext="apk" approved="true" type="ARCHIVE" />
      <removed_mapping ext="ignore" approved="true" type="IgnoreLang file" />
      <removed_mapping ext="psd" approved="true" type="Image" />
      <mapping ext="gradle.kts" type="Kotlin" />
      <mapping ext="main.kts" type="Kotlin" />
    </extensionMap>
  </component>
</application>