<application>
  <component name="GeneralSettings">
    <option name="confirmExit" value="false" />
    <option name="confirmOpenNewProject2" value="1" />
    <option name="showTipsOnStartup" value="false" />
  </component>
  <component name="Registry">
    <entry key="pants.system.in.process" value="true" />
    <entry key="editor.distraction.free.mode" value="true" />
    <entry key="ide.balloon.shadow.size" value="0" />
    <entry key="ide.intellij.laf.enable.animation" value="true" />
  </component>
</application>