<application>
  <component name="MaterialCustomThemeConfig">
    <option name="excludedColor" value="313335ff" />
    <option name="accentColor" value="4fb3e4ff" />
    <option name="notificationsColor" value="4e5052ff" />
    <option name="treeSelectionColor" value="2f65ca3f" />
    <option name="highlightColor" value="20427aff" />
    <option name="secondBorderColor" value="2a2b2cff" />
    <option name="tableSelectedColor" value="20427aff" />
    <option name="contrastColor" value="232424ff" />
    <option name="disabledColor" value="777777ff" />
    <option name="secondaryBackgroundColor" value="2a2b2cff" />
    <option name="buttonColor" value="2a2b2cff" />
    <option name="selectionForegroundColor" value="ffffffff" />
    <option name="selectionBackgroundColor" value="20427aff" />
    <option name="textColor" value="bbbbbbff" />
    <option name="foregroundColor" value="bbbbbbff" />
    <option name="backgroundColor" value="2a2b2cff" />
  </component>
</application>