<keymap version="1" name="VSCode (macOS) copy" parent="VSCode OSX">
  <action id="ActivateProjectToolWindow">
    <keyboard-shortcut first-keystroke="shift meta e" />
    <keyboard-shortcut first-keystroke="meta b" />
  </action>
  <action id="Arrangement.Alias.Rule.Add" />
  <action id="Arrangement.Rule.Add" />
  <action id="EditorStartNewLine" />
  <action id="Forward">
    <keyboard-shortcut first-keystroke="shift ctrl minus" />
    <keyboard-shortcut first-keystroke="ctrl equals" />
  </action>
  <action id="Generate" />
  <action id="GotoImplementation">
    <keyboard-shortcut first-keystroke="meta f12" />
    <keyboard-shortcut first-keystroke="ctrl enter" />
  </action>
  <action id="GotoTest">
    <keyboard-shortcut first-keystroke="shift meta t" />
  </action>
  <action id="HideSideWindows" />
  <action id="NewElement" />
  <action id="NotebookRunCellAction" />
  <action id="PyExecuteCellAction" />
  <action id="RemoteHost.NewRemoteItem" />
  <action id="ReopenClosedTab" />
  <action id="Scala.ShowImplicits">
    <keyboard-shortcut first-keystroke="shift ctrl alt equals" />
    <keyboard-shortcut first-keystroke="shift ctrl alt add" />
  </action>
  <action id="ScalaConsole.Execute">
    <keyboard-shortcut first-keystroke="enter" />
  </action>
  <action id="ServiceView.AddService" />
  <action id="ServiceView.ShowServices" />
  <action id="SplitChooser.Duplicate" />
  <action id="Terminal.SmartCommandExecution.Run" />
</keymap>