<keymap version="1" name="VSCode (macOS) copy" parent="VSCode OSX">
  <action id="ActivateDebugToolWindow">
    <keyboard-shortcut first-keystroke="ctrl meta b" />
  </action>
  <action id="ActivateProjectToolWindow">
    <keyboard-shortcut first-keystroke="meta b" />
  </action>
  <action id="Console.TableResult.HideEditMaximized">
    <keyboard-shortcut first-keystroke="shift escape" />
  </action>
  <action id="FixDocComment">
    <keyboard-shortcut first-keystroke="shift meta d" />
  </action>
  <action id="GotoAction">
    <keyboard-shortcut first-keystroke="shift meta p" />
  </action>
  <action id="HideSideWindows" />
  <action id="MoveTabDown">
    <keyboard-shortcut first-keystroke="ctrl meta down" />
  </action>
  <action id="SelectAllOccurrences">
    <keyboard-shortcut first-keystroke="meta f2" />
    <keyboard-shortcut first-keystroke="ctrl meta g" />
    <keyboard-shortcut first-keystroke="shift meta a" />
  </action>
  <action id="com.dubreuia.core.action.ToggleAction">
    <keyboard-shortcut first-keystroke="ctrl meta s" />
  </action>
</keymap>