<code_scheme name="stripe-default" version="173">
  <JavaCodeStyleSettings>
    <option name="INSERT_INNER_CLASS_IMPORTS" value="true" />
    <option name="CLASS_COUNT_TO_USE_IMPORT_ON_DEMAND" value="999" />
    <option name="NAMES_COUNT_TO_USE_IMPORT_ON_DEMAND" value="999" />
  </JavaCodeStyleSettings>
  <ScalaCodeStyleSettings>
    <option name="SCALAFMT_REFORMAT_ON_FILES_SAVE" value="true" />
    <option name="FORMATTER" value="1" />
  </ScalaCodeStyleSettings>
  <codeStyleSettings language="JAVA">
    <indentOptions>
      <option name="INDENT_SIZE" value="2" />
      <option name="CONTINUATION_INDENT_SIZE" value="4" />
      <option name="TAB_SIZE" value="2" />
    </indentOptions>
  </codeStyleSettings>
</code_scheme>